total,roll,pitch,yaw,,,,,NewTotal
2248852.331,428.2531465,925.6106851,6745203.128, Mag 1, Accel 1, lowestaccel 0, lowestMag 0,1709.605888
2256840.591,310.99303,624.7137385,6769586.067, Mag 1, Accel 2, lowestaccel 0, lowestMag 0,1170.31538
2317305.95,290.7826987,518.2911312,6951108.775, Mag 1, Accel 3, lowestaccel 0, lowestMag 0,995.5237209
2520075.31,314.2484756,471.4416082,7559440.239, Mag 1, Accel 4, lowestaccel 0, lowestMag 0,942.8487691
2677880.849,367.2074529,447.5834379,8032827.755, Mag 1, Accel 5, lowestaccel 0, lowestMag 0,946.7807465
2852305.274,440.942049,435.2658381,8556039.613, Mag 1, Accel 6, lowestaccel 0, lowestMag 0,983.6052939
3028128.562,529.8341734,430.0401698,9083425.813, Mag 1, Accel 7, lowestaccel 0, lowestMag 0,1042.435885
3199572.552,630.1212576,429.7709465,9597657.765, Mag 1, Accel 8, lowestaccel 0, lowestMag 0,1117.247363
3486287.163,739.1592042,433.2292179,10457689.1, Mag 1, Accel 9, lowestaccel 0, lowestMag 0,1204.21323
3646017.608,855.0058392,439.6014599,10936758.22, Mag 1, Accel 10, lowestaccel 0, lowestMag 0,1300.656569
3714639.085,976.1834403,448.2933409,11142492.78, Mag 1, Accel 11, lowestaccel 0, lowestMag 0,1404.577592
988796.3833,413.7727397,937.3103908,2965038.067, Mag 2, Accel 1, lowestaccel 1, lowestMag 2,1716.295141
1016418.506,315.7785969,632.008252,3048307.732, Mag 2, Accel 2, lowestaccel 1, lowestMag 2,1184.846326
1087895.013,295.737,529.6372169,3262859.664, Mag 2, Accel 3, lowestaccel 1, lowestMag 2,1016.258575
1121640.22,318.2186044,485.1699878,3364117.272, Mag 2, Accel 4, lowestaccel 1, lowestMag 2,966.4189351
1191028.771,370.0464036,462.4228041,3572253.844, Mag 2, Accel 5, lowestaccel 1, lowestMag 2,971.1690088
1223518.662,442.553004,450.4974513,3669662.937, Mag 2, Accel 6, lowestaccel 1, lowestMag 2,1007.66093
1290819.321,530.1200779,445.2635502,3871482.578, Mag 2, Accel 7, lowestaccel 1, lowestMag 2,1065.485384
1348893.447,629.0022243,444.7552088,4045606.583, Mag 2, Accel 8, lowestaccel 1, lowestMag 2,1138.884481
1378982.785,736.582778,447.8356896,4135763.935, Mag 2, Accel 9, lowestaccel 1, lowestMag 2,1224.190618
1408399.713,850.9494487,453.7428409,4223894.448, Mag 2, Accel 10, lowestaccel 1, lowestMag 2,1318.826348
1470404.611,970.6533116,461.911772,4409781.267, Mag 2, Accel 11, lowestaccel 1, lowestMag 2,1420.857642
657805.4839,413.7400781,954.2030212,1972048.509, Mag 3, Accel 1, lowestaccel 1, lowestMag 3,1741.60959
656530.2073,322.7049667,641.8094649,1968626.107, Mag 3, Accel 2, lowestaccel 2, lowestMag 3,1204.742922
655520.0036,301.7766276,541.3887122,1965716.845, Mag 3, Accel 3, lowestaccel 3, lowestMag 3,1038.415539
694488.4029,323.025723,498.5690584,2082643.614, Mag 3, Accel 4, lowestaccel 3, lowestMag 3,990.1228798
725158.5198,373.6591254,476.7055094,2174625.195, Mag 3, Accel 5, lowestaccel 3, lowestMag 3,995.3026081
763637.1325,444.9295338,465.14893,2290001.319, Mag 3, Accel 6, lowestaccel 3, lowestMag 3,1031.420545
801833.5248,531.1728009,459.9700332,2404509.432, Mag 3, Accel 7, lowestaccel 3, lowestMag 3,1088.334651
801331.351,628.6369239,459.3251983,2402906.091, Mag 3, Accel 8, lowestaccel 3, lowestMag 3,1160.46549
839244.9026,734.7162279,462.149123,2516537.842, Mag 3, Accel 9, lowestaccel 3, lowestMag 3,1244.260855
876897.9729,847.5160301,467.7225403,2629378.68, Mag 3, Accel 10, lowestaccel 3, lowestMag 3,1337.220833
943634.1222,965.605982,475.5062108,2829461.254, Mag 3, Accel 11, lowestaccel 3, lowestMag 3,1437.463803
506333.2152,419.3568306,976.9897372,1517603.299, Mag 4, Accel 1, lowestaccel 1, lowestMag 4,1780.002229
504929.4058,331.6894705,653.5542515,1513802.974, Mag 4, Accel 2, lowestaccel 2, lowestMag 4,1229.09848
503956.5593,309.1374004,553.7512811,1511006.789, Mag 4, Accel 3, lowestaccel 3, lowestMag 4,1062.479972
544545.6828,328.9973505,512.0848418,1632795.966, Mag 4, Accel 4, lowestaccel 3, lowestMag 4,1014.875275
543898.999,378.4772057,490.9351829,1630827.585, Mag 4, Accel 5, lowestaccel 3, lowestMag 4,1020.260679
584220.8313,448.6405337,479.7186385,1751734.135, Mag 4, Accel 6, lowestaccel 3, lowestMag 4,1056.058358
616979.4613,533.7335901,474.6323195,1849930.018, Mag 4, Accel 7, lowestaccel 3, lowestMag 4,1112.248672
616455.4771,629.9745273,473.9217747,1848262.535, Mag 4, Accel 8, lowestaccel 3, lowestMag 4,1183.363558
656200.8937,734.7552463,476.5777557,1967391.348, Mag 4, Accel 9, lowestaccel 3, lowestMag 4,1265.933068
655784.1474,846.1896301,481.9152348,1966024.337, Mag 4, Accel 10, lowestaccel 3, lowestMag 4,1357.515075
695243.0928,962.859644,489.4166726,2084277.002, Mag 4, Accel 11, lowestaccel 3, lowestMag 4,1456.269742
391509.7875,429.2995208,1003.632223,1173096.431, Mag 5, Accel 1, lowestaccel 1, lowestMag 5,1827.422975
390254.435,342.4434231,666.7482317,1169754.113, Mag 5, Accel 2, lowestaccel 2, lowestMag 5,1256.954915
431856.1939,317.5613787,566.7780182,1294684.242, Mag 5, Accel 3, lowestaccel 2, lowestMag 5,1088.338061
431221.5907,335.8295032,525.9585895,1292802.984, Mag 5, Accel 4, lowestaccel 2, lowestMag 5,1040.810012
472580.4579,384.1445208,505.4080109,1416851.821, Mag 5, Accel 5, lowestaccel 2, lowestMag 5,1046.220407
472035.0782,453.2786168,494.5042762,1415157.452, Mag 5, Accel 6, lowestaccel 2, lowestMag 5,1081.715377
471598.8914,537.3455132,489.527767,1413769.801, Mag 5, Accel 7, lowestaccel 2, lowestMag 5,1137.300785
547572.3872,632.5130242,488.7926818,1641595.856, Mag 5, Accel 8, lowestaccel 2, lowestMag 5,1207.573791
546976.9706,736.1591497,491.3354896,1639703.417, Mag 5, Accel 9, lowestaccel 2, lowestMag 5,1289.122597
546461.7919,846.3991585,496.5004137,1638042.476, Mag 5, Accel 10, lowestaccel 2, lowestMag 5,1379.549989
546028.0393,961.8227404,503.7884598,1636618.507, Mag 5, Accel 11, lowestaccel 2, lowestMag 5,1477.049745
316219.5661,443.0415731,1032.845393,947182.8115, Mag 6, Accel 1, lowestaccel 1, lowestMag 6,1881.549269
315186.8793,354.7571524,681.0109832,944524.8696, Mag 6, Accel 2, lowestaccel 2, lowestMag 6,1287.584339
357499.0772,326.8490047,580.3936356,1071589.989, Mag 6, Accel 3, lowestaccel 2, lowestMag 6,1115.727207
357086.6928,343.2944037,540.2214369,1070376.563, Mag 6, Accel 4, lowestaccel 2, lowestMag 6,1067.802958
399059.0439,390.3907216,520.185857,1196266.555, Mag 6, Accel 5, lowestaccel 2, lowestMag 6,1073.071827
398639.101,458.5227072,509.567373,1194949.213, Mag 6, Accel 6, lowestaccel 2, lowestMag 6,1108.24309
398276.9394,541.6329872,504.7030654,1193784.482, Mag 6, Accel 7, lowestaccel 2, lowestMag 6,1163.279338
439764.718,635.8209776,503.9623183,1318154.371, Mag 6, Accel 8, lowestaccel 2, lowestMag 6,1232.809211
475756.1453,738.4409885,506.4201071,1426023.575, Mag 6, Accel 9, lowestaccel 2, lowestMag 6,1313.460902
475255.6699,847.6041199,511.4462522,1424407.959, Mag 6, Accel 10, lowestaccel 2, lowestMag 6,1402.872468
474794.3062,961.9041915,518.5585222,1422902.456, Mag 6, Accel 11, lowestaccel 2, lowestMag 6,1499.265927
251201.6514,460.3617392,1063.742648,752080.8499, Mag 7, Accel 1, lowestaccel 1, lowestMag 7,1940.885276
207095.063,368.4838345,696.0561112,620220.6489, Mag 7, Accel 2, lowestaccel 2, lowestMag 7,1320.447043
206724.0972,336.8637623,594.4940806,619240.9338, Mag 7, Accel 3, lowestaccel 3, lowestMag 7,1144.388943
249373.74,351.2432221,554.8320025,747215.1447, Mag 7, Accel 4, lowestaccel 3, lowestMag 7,1095.68042
249218.3352,397.0407274,535.2467247,746722.7182, Mag 7, Accel 5, lowestaccel 3, lowestMag 7,1100.650633
291515.0296,464.1634587,524.8868159,873556.0385, Mag 7, Accel 6, lowestaccel 3, lowestMag 7,1135.452818
328082.5383,546.3473075,520.1285951,983181.1389, Mag 7, Accel 7, lowestaccel 3, lowestMag 7,1189.953373
327903.7091,639.6074925,519.3878361,982552.1319, Mag 7, Accel 8, lowestaccel 3, lowestMag 7,1258.787373
327767.2625,741.2668066,521.7732831,982038.7473, Mag 7, Accel 9, lowestaccel 3, lowestMag 7,1338.61003
369543.7145,849.4278317,526.6768752,1107255.039, Mag 7, Accel 10, lowestaccel 3, lowestMag 7,1427.086186
405905.3883,962.6852689,533.631523,1216219.848, Mag 7, Accel 11, lowestaccel 3, lowestMag 7,1522.461236
214252.4925,481.1570563,1095.654621,641180.6658, Mag 8, Accel 1, lowestaccel 3, lowestMag 7,2004.349724
213407.8462,383.511055,711.6724239,639128.355, Mag 8, Accel 2, lowestaccel 3, lowestMag 7,1355.141927
170074.6319,347.5076172,608.9878519,509267.4002, Mag 8, Accel 3, lowestaccel 3, lowestMag 8,1174.112491
212892.2058,359.5767947,569.738443,637747.3021, Mag 8, Accel 4, lowestaccel 3, lowestMag 8,1124.29026
212770.3143,403.9821884,550.5514598,637356.4092, Mag 8, Accel 5, lowestaccel 3, lowestMag 8,1128.813831
212744.6149,470.0671949,540.424417,637223.353, Mag 8, Accel 6, lowestaccel 3, lowestMag 8,1163.187022
255148.9068,551.3293947,535.7620645,764359.6291, Mag 8, Accel 7, lowestaccel 3, lowestMag 8,1217.140143
255135.4727,643.6856202,535.0197521,764227.7128, Mag 8, Accel 8, lowestaccel 3, lowestMag 8,1285.293843
255174.5239,744.4205457,537.3361952,764241.8148, Mag 8, Accel 9, lowestaccel 3, lowestMag 8,1364.319702
292325.0773,851.6236706,542.1234652,875581.4847, Mag 8, Accel 10, lowestaccel 3, lowestMag 8,1451.902951
292297.7513,963.889093,548.9282863,875380.4366, Mag 8, Accel 11, lowestaccel 3, lowestMag 8,1546.309249
218960.4354,505.3646066,1128.064852,655247.8768, Mag 9, Accel 1, lowestaccel 3, lowestMag 8,2071.120732
175511.084,399.7453888,727.7056415,525405.8009, Mag 9, Accel 2, lowestaccel 3, lowestMag 8,1391.367504
132302.8728,358.7062462,623.8063165,395926.1058, Mag 9, Accel 3, lowestaccel 3, lowestMag 9,1204.739159
132265.4079,368.2270312,584.8991311,395843.0975, Mag 9, Accel 4, lowestaccel 4, lowestMag 9,1153.51897
175125.4147,411.1417935,566.0667894,524399.0355, Mag 9, Accel 5, lowestaccel 4, lowestMag 9,1157.456529
175135.7923,476.149149,556.1478699,524375.08, Mag 9, Accel 6, lowestaccel 4, lowestMag 9,1191.333667
175215.3442,556.4792209,551.5683599,524537.985, Mag 9, Accel 7, lowestaccel 4, lowestMag 9,1244.711955
255645.0327,647.9380966,550.8187099,765736.3412, Mag 9, Accel 8, lowestaccel 4, lowestMag 9,1312.181637
255628.2118,747.7657159,553.0643502,765583.8053, Mag 9, Accel 9, lowestaccel 4, lowestMag 9,1390.420812
255641.8055,854.0359914,557.7356975,765513.6449, Mag 9, Accel 10, lowestaccel 4, lowestMag 9,1477.13054
255681.3484,965.3394581,564.3922441,765514.3135, Mag 9, Accel 11, lowestaccel 4, lowestMag 9,1570.59296
218528.66,532.9226169,1160.55673,653892.5006, Mag 10, Accel 1, lowestaccel 4, lowestMag 9,2140.527058
175288.4195,417.103121,744.0485272,524704.1068, Mag 10, Accel 2, lowestaccel 4, lowestMag 9,1428.900131
132195.4318,370.3993807,638.9010802,395576.995, Mag 10, Accel 3, lowestaccel 3, lowestMag 10,1236.151156
132176.8273,377.1439305,600.283732,395553.0543, Mag 10, Accel 4, lowestaccel 4, lowestMag 10,1183.283546
175080.5705,418.470073,581.7679554,524241.4736, Mag 10, Accel 5, lowestaccel 4, lowestMag 10,1186.504488
175077.5499,482.3549598,572.0330332,524178.2617, Mag 10, Accel 6, lowestaccel 4, lowestMag 10,1219.81577
175131.8619,561.7342726,567.5219056,524266.3294, Mag 10, Accel 7, lowestaccel 4, lowestMag 10,1272.583563
217625.4551,652.2919887,566.7563221,651657.3169, Mag 10, Accel 8, lowestaccel 4, lowestMag 10,1339.353475
217676.0673,751.2181856,568.9260369,651708.0577, Mag 10, Accel 9, lowestaccel 4, lowestMag 10,1416.802695
217760.8775,856.5680594,573.4785914,651852.5858, Mag 10, Accel 10, lowestaccel 4, lowestMag 10,1502.643932
217873.6552,966.9272714,579.9847913,652074.0534, Mag 10, Accel 11, lowestaccel 4, lowestMag 10,1595.172641
260610.9293,563.7534216,1192.809163,780076.2252, Mag 11, Accel 1, lowestaccel 4, lowestMag 10,2212.02881
136150.0933,435.5044738,760.6225002,407254.153, Mag 11, Accel 2, lowestaccel 4, lowestMag 10,1467.562106
93072.43128,382.5355253,654.2393675,278180.5189, Mag 11, Accel 3, lowestaccel 3, lowestMag 11,1268.260695
93038.25248,386.289249,615.8717286,278112.5965, Mag 11, Accel 4, lowestaccel 4, lowestMag 11,1213.52453
135969.928,425.932772,597.6380474,406886.2131, Mag 11, Accel 5, lowestaccel 4, lowestMag 11,1215.90665
135986.5371,488.6492427,588.0634172,406882.8988, Mag 11, Accel 6, lowestaccel 4, lowestMag 11,1248.582058
136074.472,567.0549975,583.6049854,407072.756, Mag 11, Accel 7, lowestaccel 4, lowestMag 11,1300.698726
178639.1132,656.7023441,582.8132434,534677.8239, Mag 11, Accel 8, lowestaccel 4, lowestMag 11,1366.746623
217766.2478,754.726488,584.8999938,651959.1168, Mag 11, Accel 9, lowestaccel 4, lowestMag 11,1443.394857
217826.3509,859.1613105,589.3284341,652030.563, Mag 11, Accel 10, lowestaccel 4, lowestMag 11,1528.363634
217907.5535,968.5859052,595.6805,652158.3941, Mag 11, Accel 11, lowestaccel 4, lowestMag 11,1619.960179
221012.1806,597.7570006,1224.564384,661214.2205, Mag 12, Accel 1, lowestaccel 4, lowestMag 11,2285.164327
178350.2908,454.8712878,777.3738121,533818.6272, Mag 12, Accel 2, lowestaccel 4, lowestMag 11,1507.214184
135726.2142,395.0689309,669.7991125,406113.7746, Mag 12, Accel 3, lowestaccel 4, lowestMag 11,1301.000367
92673.1639,395.6319053,631.6491374,276992.2107, Mag 12, Accel 4, lowestaccel 4, lowestMag 12,1244.197635
135619.8348,433.5045925,613.6652452,405812.3346, Mag 12, Accel 5, lowestaccel 4, lowestMag 12,1245.626312
135629.9319,495.0082144,604.2275004,405790.5599, Mag 12, Accel 6, lowestaccel 4, lowestMag 12,1277.597411
135705.3252,572.4169887,599.8055159,405943.753, Mag 12, Accel 7, lowestaccel 4, lowestMag 12,1329.021015
135824.5274,661.1421603,598.976013,406213.464, Mag 12, Accel 8, lowestaccel 4, lowestMag 12,1394.32064
178351.1236,758.2601381,600.9716162,533694.1392, Mag 12, Accel 9, lowestaccel 4, lowestMag 12,1470.152528
178473.0974,861.7808984,605.2696308,533952.2416, Mag 12, Accel 10, lowestaccel 4, lowestMag 12,1554.24012
178623.0518,970.2761551,611.4621941,534287.4171, Mag 12, Accel 11, lowestaccel 4, lowestMag 12,1644.900408
262541.7585,634.810935,1255.621598,785734.8429, Mag 13, Accel 1, lowestaccel 4, lowestMag 12,2359.540598
177974.8114,475.1281621,794.2653271,532655.0407, Mag 13, Accel 2, lowestaccel 4, lowestMag 12,1547.744112
135426.7995,407.9573975,685.5648266,405186.8762, Mag 13, Accel 3, lowestaccel 4, lowestMag 12,1334.315288
92408.62854,405.1460111,647.6059926,276173.1336, Mag 13, Accel 4, lowestaccel 4, lowestMag 13,1275.268497
135369.284,441.1669971,629.8415366,405036.8435, Mag 13, Accel 5, lowestaccel 4, lowestMag 13,1275.637553
135379.8902,501.4155793,620.5172039,405017.7377, Mag 13, Accel 6, lowestaccel 4, lowestMag 13,1306.83749
135451.2539,577.8042212,616.1147803,405159.8428, Mag 13, Accel 7, lowestaccel 4, lowestMag 13,1357.525336
135561.8495,665.5949253,615.2354628,405404.718, Mag 13, Accel 8, lowestaccel 4, lowestMag 13,1422.049388
178082.8131,761.8008694,617.1305074,532869.5079, Mag 13, Accel 9, lowestaccel 4, lowestMag 13,1497.046413
178189.8045,864.4070722,621.291101,533083.7155, Mag 13, Accel 10, lowestaccel 4, lowestMag 13,1580.241956
178320.9331,971.9757146,627.3183781,533363.5052, Mag 13, Accel 11, lowestaccel 4, lowestMag 13,1669.959353
638783.9844,674.7714061,1285.832368,1914391.349, Mag 14, Accel 1, lowestaccel 4, lowestMag 13,2434.827106
177677.1465,496.1984583,811.2692786,531723.9718, Mag 14, Accel 2, lowestaccel 4, lowestMag 13,1589.052762
135196.5324,421.1628256,701.5258199,404466.9087, Mag 14, Accel 3, lowestaccel 4, lowestMag 13,1368.160849
92209.74363,414.80902,663.7349926,275550.6869, Mag 14, Accel 4, lowestaccel 4, lowestMag 14,1306.709254
135183.3777,448.9044906,646.160233,404455.0683, Mag 14, Accel 5, lowestaccel 4, lowestMag 14,1305.918717
135198.5219,507.8598165,636.9259238,404450.78, Mag 14, Accel 6, lowestaccel 4, lowestMag 14,1336.283748
135271.0115,583.206732,632.5260689,404597.3016, Mag 14, Accel 7, lowestaccel 4, lowestMag 14,1386.194152
135379.1653,670.0506917,631.5843761,404835.861, Mag 14, Accel 8, lowestaccel 4, lowestMag 14,1449.914583
177896.0482,765.3389072,633.3694083,532289.4363, Mag 14, Accel 9, lowestaccel 4, lowestMag 14,1524.058293
177995.3379,867.0288172,637.3848754,532481.5999, Mag 14, Accel 10, lowestaccel 4, lowestMag 14,1606.348926
178115.6832,973.6724478,643.2406038,532730.1365, Mag 14, Accel 11, lowestaccel 4, lowestMag 14,1695.115242
679208.2658,717.4763259,1315.087822,2035592.233, Mag 15, Accel 1, lowestaccel 4, lowestMag 14,2510.738977
177434.3403,518.010255,828.3691797,530956.6415, Mag 15, Accel 2, lowestaccel 4, lowestMag 14,1631.061461
94582.56541,434.649718,717.6741734,282595.3723, Mag 15, Accel 3, lowestaccel 4, lowestMag 14,1402.498549
51523.95625,424.6014512,680.0299012,153467.2374, Mag 15, Accel 4, lowestaccel 4, lowestMag 15,1338.49594
94442.5368,456.7047892,662.6156387,282208.29, Mag 15, Accel 5, lowestaccel 4, lowestMag 15,1336.45205
94425.62192,514.3323536,653.4484393,282109.085, Mag 15, Accel 6, lowestaccel 4, lowestMag 15,1365.921924
94487.56003,588.6176753,649.0339475,282225.0285, Mag 15, Accel 7, lowestaccel 4, lowestMag 15,1415.014178
94602.74078,674.5038792,648.0169702,282485.7015, Mag 15, Accel 8, lowestaccel 4, lowestMag 15,1477.903365
137139.6234,768.8688014,649.6824161,410000.3191, Mag 15, Accel 9, lowestaccel 4, lowestMag 15,1551.175225
137273.6854,869.6405321,653.5449459,410297.8707, Mag 15, Accel 10, lowestaccel 4, lowestMag 15,1632.547818
137438.9524,975.3605867,659.2227862,410682.2739, Mag 15, Accel 11, lowestaccel 4, lowestMag 15,1720.354619
637455.7117,762.750749,1343.309742,1910261.075, Mag 16, Accel 1, lowestaccel 4, lowestMag 15,2587.027675
136703.8415,540.4909688,845.5519777,408725.4816, Mag 16, Accel 2, lowestaccel 4, lowestMag 15,1673.696193
94183.41876,448.3845017,734.0026403,281367.8691, Mag 16, Accel 3, lowestaccel 4, lowestMag 15,1437.292337
51137.12522,434.5052316,696.4850513,152280.3854, Mag 16, Accel 4, lowestaccel 4, lowestMag 16,1370.606501
94053.90027,464.5573092,679.2027294,281017.9408, Mag 16, Accel 5, lowestaccel 4, lowestMag 16,1367.222076
94032.43388,520.826126,670.0794752,280906.396, Mag 16, Accel 6, lowestaccel 4, lowestMag 16,1395.738807
94088.48555,594.0327774,665.6333441,281005.7905, Mag 16, Accel 7, lowestaccel 4, lowestMag 16,1443.974599
94195.99568,678.9512372,664.5283848,281244.5074, Mag 16, Accel 8, lowestaccel 4, lowestMag 16,1506.006005
136719.5551,772.3878837,666.0643035,408720.2131, Mag 16, Accel 9, lowestaccel 4, lowestMag 16,1578.387368
136842.91,872.2405567,669.7663552,408986.7231, Mag 16, Accel 10, lowestaccel 4, lowestMag 16,1658.82995
136995.7486,977.0380878,675.2600647,409334.9475, Mag 16, Accel 11, lowestaccel 4, lowestMag 16,1745.668663
677623.2421,810.4089675,1370.448356,2030688.869, Mag 17, Accel 1, lowestaccel 4, lowestMag 16,2663.47926
178677.3198,563.5714673,862.8091127,534605.5788, Mag 17, Accel 2, lowestaccel 4, lowestMag 16,1716.89227
93843.12379,462.3363012,750.5056913,280316.5294, Mag 17, Accel 3, lowestaccel 4, lowestMag 16,1472.510763
50808.11218,444.5041536,713.0949984,151266.7374, Mag 17, Accel 4, lowestaccel 4, lowestMag 17,1403.020613
93723.42658,472.4530361,695.9163439,280001.9103, Mag 17, Accel 5, lowestaccel 4, lowestMag 17,1398.214293
93698.9889,527.3358855,686.8141012,279882.8167, Mag 17, Accel 6, lowestaccel 4, lowestMag 17,1425.723066
93751.26101,599.4483625,682.3194037,279972.0153, Mag 17, Accel 7, lowestaccel 4, lowestMag 17,1473.065377
93853.64549,683.390831,681.1138347,280196.4318, Mag 17, Accel 8, lowestaccel 4, lowestMag 17,1534.213875
136365.5146,775.8953741,682.5106593,407638.1377, Mag 17, Accel 9, lowestaccel 4, lowestMag 17,1605.68752
136481.2244,874.828011,686.0444972,407882.8007, Mag 17, Accel 10, lowestaccel 4, lowestMag 17,1685.187754
136625.0321,978.7049689,691.3477974,408205.0437, Mag 17, Accel 11, lowestaccel 4, lowestMag 17,1771.050423
676133.6315,860.2587871,1396.480358,2026144.155, Mag 18, Accel 1, lowestaccel 4, lowestMag 17,2739.914627
178317.5708,587.1858414,880.1355424,533485.391, Mag 18, Accel 2, lowestaccel 4, lowestMag 17,1760.592695
93550.26677,476.4769141,767.1780895,279407.1453, Mag 18, Accel 3, lowestaccel 4, lowestMag 17,1508.12482
50525.48252,454.5840159,729.854412,150392.0091, Mag 18, Accel 4, lowestaccel 4, lowestMag 18,1435.71963
93439.525,480.3834893,712.7510654,279125.4404, Mag 18, Accel 5, lowestaccel 4, lowestMag 18,1429.414215
93413.07109,533.8570435,703.6477794,279001.7084, Mag 18, Accel 6, lowestaccel 4, lowestMag 18,1455.864452
93462.95239,604.862173,699.087393,279084.9076, Mag 18, Accel 7, lowestaccel 4, lowestMag 18,1502.277719
135990.3765,687.8215826,697.7687704,406585.5391, Mag 18, Accel 8, lowestaccel 4, lowestMag 18,1562.519342
136063.4621,779.3910696,699.0170258,406711.9783, Mag 18, Accel 9, lowestaccel 4, lowestMag 18,1633.068841
136173.692,877.4037835,702.3753518,406941.2967, Mag 18, Accel 10, lowestaccel 4, lowestMag 18,1711.615865
136310.9186,980.3623014,707.4821875,407244.9114, Mag 18, Accel 11, lowestaccel 4, lowestMag 18,1796.495007
674745.9046,912.1011815,1421.39272,2021904.22, Mag 19, Accel 1, lowestaccel 4, lowestMag 18,2816.164966
219988.434,611.2692196,897.5266037,658456.5062, Mag 19, Accel 2, lowestaccel 4, lowestMag 18,1804.74182
93296.36161,490.7786692,784.0133925,278614.2928, Mag 19, Accel 3, lowestaccel 4, lowestMag 18,1544.104091
50280.79093,464.7305813,746.7570781,149630.8851, Mag 19, Accel 4, lowestaccel 4, lowestMag 19,1468.683553
93193.60372,488.3412946,729.7013488,278362.7685, Mag 19, Accel 5, lowestaccel 4, lowestMag 19,1460.807994
93165.67792,540.3853478,720.5746751,278236.0737, Mag 19, Accel 6, lowestaccel 4, lowestMag 19,1486.151023
93214.04209,610.2721946,715.9326377,278315.9214, Mag 19, Accel 7, lowestaccel 4, lowestMag 19,1531.603102
135733.0643,692.2428985,714.4886454,405792.4613, Mag 19, Accel 8, lowestaccel 4, lowestMag 19,1590.915142
135803.0271,782.8755173,715.5791385,405910.6266, Mag 19, Accel 9, lowestaccel 4, lowestMag 19,1660.525346
135909.3655,879.969064,718.7547977,406129.3726, Mag 19, Accel 10, lowestaccel 4, lowestMag 19,1738.108995
136041.8059,982.0117133,723.6596389,406419.7463, Mag 19, Accel 11, lowestaccel 4, lowestMag 19,1821.998243
714878.5604,965.7423649,1445.192079,2142224.747, Mag 20, Accel 1, lowestaccel 4, lowestMag 19,2892.094892
387561.977,635.7616603,914.9802523,1161135.189, Mag 20, Accel 2, lowestaccel 4, lowestMag 19,1849.291624
93075.01835,505.2167023,801.0066918,277918.8316, Mag 20, Accel 3, lowestaccel 4, lowestMag 19,1580.422564
50067.63648,474.9320501,763.7973484,148964.18, Mag 20, Accel 4, lowestaccel 4, lowestMag 20,1501.89506
92979.17996,496.3198981,746.7616763,277694.4583, Mag 20, Accel 5, lowestaccel 4, lowestMag 20,1492.382438
92950.02928,546.9171719,737.5899648,277565.5807, Mag 20, Accel 6, lowestaccel 4, lowestMag 20,1516.572826
92997.44538,615.6767963,732.8503121,277643.809, Mag 20, Accel 7, lowestaccel 4, lowestMag 20,1561.033065
135508.7647,696.6544115,731.2693925,405098.3704, Mag 20, Accel 8, lowestaccel 4, lowestMag 20,1619.394897
135576.4955,786.3490538,732.193124,405210.9442, Mag 20, Accel 9, lowestaccel 4, lowestMag 20,1688.051476
135680.0283,882.5247049,735.1790898,405422.3812, Mag 20, Accel 10, lowestaccel 4, lowestMag 20,1764.662163
135808.9834,983.6552124,739.8764339,405703.4186, Mag 20, Accel 11, lowestaccel 4, lowestMag 20,1847.55606
713588.6997,1020.980196,1467.903553,2138277.215, Mag 21, Accel 1, lowestaccel 4, lowestMag 20,2967.590477
470877.2303,660.6060765,932.4949192,1411038.59, Mag 21, Accel 2, lowestaccel 4, lowestMag 20,1894.196936
92881.27272,519.7679929,818.152344,277305.8978, Mag 21, Accel 3, lowestaccel 4, lowestMag 20,1617.054511
49881.09544,485.1770078,780.9691653,148377.1401, Mag 21, Accel 4, lowestaccel 4, lowestMag 21,1535.336504
92791.27194,504.3132906,763.9264934,277105.576, Mag 21, Accel 5, lowestaccel 4, lowestMag 21,1524.124708
92760.92265,553.4493044,754.6882216,276974.6304, Mag 21, Accel 6, lowestaccel 4, lowestMag 21,1547.119311
92807.68377,621.0741601,749.8350474,277052.1421, Mag 21, Accel 7, lowestaccel 4, lowestMag 21,1590.558191
135311.8641,701.0559706,748.1056403,404486.4305, Mag 21, Accel 8, lowestaccel 4, lowestMag 21,1647.950438
93562.41959,789.8124897,748.8541597,279148.5921, Mag 21, Accel 9, lowestaccel 4, lowestMag 21,1715.640607
93657.00569,885.0724392,751.6440566,279334.3006, Mag 21, Accel 10, lowestaccel 4, lowestMag 21,1791.270414
93789.41187,985.2942316,756.1288322,279626.8125, Mag 21, Accel 11, lowestaccel 4, lowestMag 21,1873.163922
712376.569,1077.623988,1489.546893,2134562.536, Mag 22, Accel 1, lowestaccel 4, lowestMag 21,3042.53833
554111.9621,685.7459921,950.0689462,1660700.071, Mag 22, Accel 2, lowestaccel 4, lowestMag 21,1939.412913
92711.23135,534.4114423,835.4441958,276763.8384, Mag 22, Accel 3, lowestaccel 4, lowestMag 21,1653.974875
49717.30314,495.4548311,798.2664603,147858.1881, Mag 22, Accel 4, lowestaccel 4, lowestMag 22,1568.990814
92625.94385,512.3155907,781.1899234,276584.326, Mag 22, Accel 5, lowestaccel 4, lowestMag 22,1556.021578
50767.45307,559.9788249,771.8641467,150970.5162, Mag 22, Accel 6, lowestaccel 4, lowestMag 22,1577.780339
50748.18309,626.4633119,766.8825301,150851.2034, Mag 22, Accel 7, lowestaccel 4, lowestMag 22,1620.171279
93200.47736,705.4467988,764.993336,278130.992, Mag 22, Accel 8, lowestaccel 4, lowestMag 22,1676.575103
93237.64305,793.26609,765.5583497,278154.1047, Mag 22, Accel 9, lowestaccel 4, lowestMag 22,1743.287092
93325.00684,887.6130505,768.1458234,278319.2617, Mag 22, Accel 10, lowestaccel 4, lowestMag 22,1817.928523
93449.82048,986.930603,772.4132489,278590.1176, Mag 22, Accel 11, lowestaccel 4, lowestMag 22,1898.817826
752426.247,1135.481394,1510.164687,2254633.095, Mag 23, Accel 1, lowestaccel 4, lowestMag 22,3116.858076
595346.0985,711.131782,967.7023447,1784359.461, Mag 23, Accel 2, lowestaccel 4, lowestMag 22,1984.902354
92561.74695,549.126478,852.8770252,276283.2373, Mag 23, Accel 3, lowestaccel 4, lowestMag 22,1691.160396
49573.16977,505.7558724,815.6827644,147398.0707, Mag 23, Accel 4, lowestaccel 4, lowestMag 23,1602.841051
50630.26741,520.3217436,798.5460021,150571.9345, Mag 23, Accel 5, lowestaccel 4, lowestMag 23,1588.060311
50502.78039,566.502804,789.1125429,150152.7258, Mag 23, Accel 6, lowestaccel 4, lowestMag 23,1608.545917
50477.70735,631.8425376,783.9874384,150017.2921, Mag 23, Accel 7, lowestaccel 4, lowestMag 23,1649.863061
92918.35985,709.8273121,781.9280222,277263.3242, Mag 23, Accel 8, lowestaccel 4, lowestMag 23,1705.262517
92949.3057,796.7104571,782.3015225,277268.9051, Mag 23, Accel 9, lowestaccel 4, lowestMag 23,1770.985127
93030.35306,890.1476352,784.6809082,277416.2306, Mag 23, Accel 10, lowestaccel 4, lowestMag 23,1844.632089
93148.61471,988.5656006,788.7261918,277668.5523, Mag 23, Accel 11, lowestaccel 4, lowestMag 23,1924.513488
751291.8092,1194.365289,1529.79465,2251151.268, Mag 24, Accel 1, lowestaccel 4, lowestMag 23,3190.465942
636590.7259,736.712807,985.3932456,1908050.072, Mag 24, Accel 2, lowestaccel 4, lowestMag 23,2030.624474
92430.29098,563.8940594,870.4440253,275856.5348, Mag 24, Accel 3, lowestaccel 4, lowestMag 23,1728.586582
7623.025516,516.0711834,833.2121406,21519.79322, Mag 24, Accel 4, lowestaccel 4, lowestMag 24,1636.871598
50401.31509,528.3269926,815.9890038,149859.6293, Mag 24, Accel 5, lowestaccel 4, lowestMag 24,1620.22875
50267.48333,573.0187485,806.4279043,149423.0033, Mag 24, Accel 6, lowestaccel 4, lowestMag 24,1639.405918
50237.10668,637.2108898,801.1450857,149272.9641, Mag 24, Accel 7, lowestaccel 4, lowestMag 24,1679.625796
92666.91222,714.1966445,798.9049489,276487.6351, Mag 24, Accel 8, lowestaccel 4, lowestMag 24,1734.004907
92692.27854,800.1459564,799.0795829,276477.6101, Mag 24, Accel 9, lowestaccel 4, lowestMag 24,1798.728842
92767.73567,892.6772722,801.2450334,276609.2847, Mag 24, Accel 10, lowestaccel 4, lowestMag 24,1871.375504
92880.25831,990.2005682,805.0642271,276845.5101, Mag 24, Accel 11, lowestaccel 4, lowestMag 24,1950.246767
750223.2143,1254.100375,1548.485232,2247867.057, Mag 25, Accel 1, lowestaccel 4, lowestMag 24,3263.303129
635975.717,762.4421409,1003.141806,1906161.567, Mag 25, Accel 2, lowestaccel 4, lowestMag 24,2076.544315
92314.73494,578.6979595,888.1400599,275477.3668, Mag 25, Accel 3, lowestaccel 4, lowestMag 24,1766.23356
7425.557793,526.3921836,850.8477324,20899.43346, Mag 25, Accel 4, lowestaccel 4, lowestMag 25,1671.065736
50197.59164,536.326475,833.51297,149222.9355, Mag 25, Accel 5, lowestaccel 4, lowestMag 25,1652.514311
50057.69299,579.5241454,823.8050488,148769.7498, Mag 25, Accel 6, lowestaccel 4, lowestMag 25,1670.350682
50022.39118,642.5671071,818.350533,148606.2559, Mag 25, Accel 7, lowestaccel 4, lowestMag 25,1709.45113
92442.04586,718.5547477,815.9198742,275791.6629, Mag 25, Accel 8, lowestaccel 4, lowestMag 25,1762.795872
92462.34633,803.572778,815.8883104,275767.5779, Mag 25, Accel 9, lowestaccel 4, lowestMag 25,1826.512049
92532.80651,895.2023002,817.8346305,275885.3826, Mag 25, Accel 10, lowestaccel 4, lowestMag 25,1898.153671
92640.23722,991.8364147,821.423769,276107.4515, Mag 25, Accel 11, lowestaccel 4, lowestMag 25,1976.012965
749216.5982,1314.508425,1566.282977,2244769.003, Mag 26, Accel 1, lowestaccel 4, lowestMag 25,3335.305785
635390.4037,788.2783885,1020.947933,1904361.985, Mag 26, Accel 2, lowestaccel 4, lowestMag 25,2122.630691
50393.70261,593.5201763,905.9582579,149681.6294, Mag 26, Accel 3, lowestaccel 4, lowestMag 25,1804.077519
7249.877668,536.7118599,868.5838044,20344.33734, Mag 26, Accel 4, lowestaccel 4, lowestMag 26,1705.409602
50015.94989,544.3166296,851.1124996,148652.4206, Mag 26, Accel 5, lowestaccel 4, lowestMag 26,1684.906222
49870.19018,586.0167782,841.2386341,148183.3151, Mag 26, Accel 6, lowestaccel 4, lowestMag 26,1701.370535
49830.26239,647.9100657,835.5992224,148007.2779, Mag 26, Accel 7, lowestaccel 4, lowestMag 26,1739.331383
92240.37685,722.9009371,832.9682691,275165.2613, Mag 26, Accel 8, lowestaccel 4, lowestMag 26,1791.628107
92256.01361,806.9912251,832.723747,275128.3259, Mag 26, Accel 9, lowestaccel 4, lowestMag 26,1854.329039
92321.9265,897.7236226,834.4459867,275233.6099, Mag 26, Accel 10, lowestaccel 4, lowestMag 26,1924.961697
92424.79011,993.4741341,837.8015565,275443.0946, Mag 26, Accel 11, lowestaccel 4, lowestMag 26,2001.807935
789143.5902,1375.429898,1583.239039,2364472.102, Mag 27, Accel 1, lowestaccel 4, lowestMag 26,3406.430981
634832.9242,814.1788999,1038.809918,1902645.784, Mag 27, Accel 2, lowestaccel 4, lowestMag 26,2168.849051
50238.04839,608.3470554,923.8929039,149181.9052, Mag 27, Accel 3, lowestaccel 4, lowestMag 26,1842.099647
7093.37074,547.0224331,886.4137976,19846.67599, Mag 27, Accel 4, lowestaccel 4, lowestMag 27,1739.887521
49853.72809,552.2933334,868.7814611,148140.1095, Mag 27, Accel 5, lowestaccel 4, lowestMag 27,1717.392192
49702.27171,592.4943944,858.7237603,147655.597, Mag 27, Accel 6, lowestaccel 4, lowestMag 27,1732.456436
49657.93355,653.238671,852.8862275,147467.6757, Mag 27, Accel 7, lowestaccel 4, lowestMag 27,1769.258345
92059.0342,727.2352065,850.0460282,274599.8214, Mag 27, Accel 8, lowestaccel 4, lowestMag 27,1820.495447
92070.32615,810.4011973,849.581933,274550.9953, Mag 27, Accel 9, lowestaccel 4, lowestMag 27,1882.173797
92132.08581,900.2413205,851.0753753,274644.9407, Mag 27, Accel 10, lowestaccel 4, lowestMag 27,1951.794053
92230.81304,995.1144369,854.1938744,274843.1308, Mag 27, Accel 11, lowestaccel 4, lowestMag 27,2027.626639
788201.8854,1436.704647,1599.411039,2361569.54, Mag 28, Accel 1, lowestaccel 4, lowestMag 27,3476.645044
634301.6225,840.106315,1056.727002,1901008.034, Mag 28, Accel 2, lowestaccel 4, lowestMag 27,2215.170239
50099.58273,623.1635595,941.9377729,148733.6469, Mag 28, Accel 3, lowestaccel 4, lowestMag 27,1880.279329
6953.829758,557.3171961,904.3317304,19399.84035, Mag 28, Accel 4, lowestaccel 4, lowestMag 28,1774.485493
49708.69073,560.2529234,886.5144921,147679.3048, Mag 28, Accel 5, lowestaccel 4, lowestMag 28,1749.961431
49551.65573,598.9551995,876.2550951,147179.7569, Mag 28, Accel 6, lowestaccel 4, lowestMag 28,1763.599042
49503.08042,658.5517628,870.2072666,146980.4822, Mag 28, Accel 7, lowestaccel 4, lowestMag 28,1799.224722
91895.63503,731.5568282,867.1489276,274088.1993, Mag 28, Accel 8, lowestaccel 4, lowestMag 28,1849.391013
91902.83936,813.8028959,866.4591963,274028.256, Mag 28, Accel 9, lowestaccel 4, lowestMag 28,1910.040966
91960.7278,902.7560082,867.719249,274111.7082, Mag 28, Accel 10, lowestaccel 4, lowestMag 28,1978.64588
92055.65832,996.7576578,870.5977728,274299.6195, Mag 28, Accel 11, lowestaccel 4, lowestMag 28,2053.464903
787315.5381,1498.181731,1614.849772,2358833.583, Mag 29, Accel 1, lowestaccel 4, lowestMag 28,3545.910956
675490.0919,866.0223652,1074.697709,2024529.556, Mag 29, Accel 2, lowestaccel 4, lowestMag 28,2261.563337
49976.40006,637.9571091,960.0869407,148331.1561, Mag 29, Accel 3, lowestaccel 4, lowestMag 28,1918.598243
6829.354384,567.5899577,922.3312967,18998.1419, Mag 29, Accel 4, lowestaccel 4, lowestMag 29,1809.189413
49578.91066,568.1919894,904.3061955,147264.2338, Mag 29, Accel 5, lowestaccel 4, lowestMag 29,1782.603285
49416.37703,605.3970884,893.8279447,146749.9061, Mag 29, Accel 6, lowestaccel 4, lowestMag 29,1794.789733
49363.70497,663.848558,887.5576822,146539.7087, Mag 29, Accel 7, lowestaccel 4, lowestMag 29,1829.222942
91748.13165,735.865542,884.2727599,273624.2566, Mag 29, Accel 8, lowestaccel 4, lowestMag 29,1878.308296
91751.4394,817.1960812,883.3515139,273553.7706, Mag 29, Accel 9, lowestaccel 4, lowestMag 29,1937.924332
91805.70906,905.2678028,884.3744182,273627.485, Mag 29, Accel 10, lowestaccel 4, lowestMag 29,2005.512479
91897.12913,998.4044515,887.0099024,273805.973, Mag 29, Accel 11, lowestaccel 4, lowestMag 29,2079.318192
786481.6963,1559.725405,1629.609333,2356255.754, Mag 30, Accel 1, lowestaccel 4, lowestMag 29,3614.208053
633134.9145,891.8950921,1092.722819,1897420.126, Mag 30, Accel 2, lowestaccel 4, lowestMag 29,2308.005548
49866.8613,652.7154509,978.333706,147969.5348, Mag 30, Accel 3, lowestaccel 4, lowestMag 29,1957.037147
6718.31638,577.8353696,940.4065041,18636.70727, Mag 30, Accel 4, lowestaccel 4, lowestMag 30,1843.986283
49462.74653,576.10758,922.1510532,146889.981, Mag 30, Accel 5, lowestaccel 4, lowestMag 30,1815.307265
49294.76847,611.8184022,911.4375494,146361.0495, Mag 30, Accel 6, lowestaccel 4, lowestMag 30,1826.020126
49238.09865,669.1278859,904.9335146,146140.2346, Mag 30, Accel 7, lowestaccel 4, lowestMag 30,1859.246186
91614.76705,740.1609427,901.4140216,273202.7262, Mag 30, Accel 8, lowestaccel 4, lowestMag 30,1907.241739
91614.34459,820.5808262,900.2554245,273122.1975, Mag 30, Accel 9, lowestaccel 4, lowestMag 30,1965.818756
91665.19641,907.7769697,901.0372705,273186.775, Mag 30, Accel 10, lowestaccel 4, lowestMag 30,2032.388633
91753.32903,1000.054967,903.4272539,273356.5049, Mag 30, Accel 11, lowestaccel 4, lowestMag 30,2105.182106
826232.6561,1621.198046,1643.744849,2475433.026, Mag 31, Accel 1, lowestaccel 4, lowestMag 30,3681.515808
632599.3249,917.6913289,1110.798765,1895769.485, Mag 31, Accel 2, lowestaccel 4, lowestMag 30,2354.466644
92443.06954,667.4261556,996.6726431,275665.1098, Mag 31, Accel 3, lowestaccel 4, lowestMag 30,1995.578581
6619.305626,588.0474586,958.5516147,18311.3178, Mag 31, Accel 4, lowestaccel 4, lowestMag 31,1878.863016
49358.75926,583.996743,940.0439765,146552.2371, Mag 31, Accel 5, lowestaccel 4, lowestMag 31,1848.063522
49185.40553,618.2173464,929.0793277,146008.9199, Mag 31, Accel 6, lowestaccel 4, lowestMag 31,1857.282001
49124.80237,674.3888639,922.3299322,145777.6883, Mag 31, Accel 7, lowestaccel 4, lowestMag 31,1889.286546
91494.05716,744.4425008,918.5683291,272819.1607, Mag 31, Accel 8, lowestaccel 4, lowestMag 31,1936.184369
91490.03215,823.9569623,917.1672409,272728.9723, Mag 31, Accel 9, lowestaccel 4, lowestMag 31,1993.718583
91537.61031,910.2833823,917.7043621,272784.8432, Mag 31, Accel 10, lowestaccel 4, lowestMag 31,2059.26908
91622.65386,1001.709517,919.846355,272946.4057, Mag 31, Accel 11, lowestaccel 4, lowestMag 31,2131.051671
825455.8404,1682.472374,1657.302984,2473027.746, Mag 32, Accel 1, lowestaccel 4, lowestMag 31,3747.808756
632089.2626,943.3828957,1128.925937,1894195.479, Mag 32, Accel 2, lowestaccel 4, lowestMag 31,2400.926077
92345.4039,682.0797891,1015.097367,275339.0345, Mag 32, Accel 3, lowestaccel 4, lowestMag 31,2034.205893
6531.094899,598.2217746,976.7610492,18018.30187, Mag 32, Accel 4, lowestaccel 4, lowestMag 32,1913.807905
49265.71982,591.8566023,957.9798921,146247.323, Mag 32, Accel 5, lowestaccel 4, lowestMag 32,1880.86229
49087.01409,624.5925429,946.7485244,145689.7012, Mag 32, Accel 6, lowestaccel 4, lowestMag 32,1888.567194
49022.53161,679.6307672,939.7434545,145448.2206, Mag 32, Accel 7, lowestaccel 4, lowestMag 32,1919.338257
91384.71107,748.7096362,935.7323044,272469.6913, Mag 32, Accel 8, lowestaccel 4, lowestMag 32,1965.130684
91377.16098,827.3244071,934.0835719,272370.075, Mag 32, Accel 9, lowestaccel 4, lowestMag 32,2021.618663
91421.59954,912.7871124,934.3724937,272417.639, Mag 32, Accel 10, lowestaccel 4, lowestMag 32,2086.149075
91503.69124,1003.368118,936.2645246,272571.4411, Mag 32, Accel 11, lowestaccel 4, lowestMag 32,2156.922875
824726.576,1743.439588,1670.342399,2470765.946, Mag 33, Accel 1, lowestaccel 4, lowestMag 32,3813.093289
631603.4089,968.9394805,1147.101234,1892694.186, Mag 33, Accel 2, lowestaccel 4, lowestMag 32,2447.356462
92257.85909,696.6655489,1033.602092,275043.3096, Mag 33, Accel 3, lowestaccel 4, lowestMag 32,2072.902299
6452.609295,608.353353,995.0289277,17754.4456, Mag 33, Accel 4, lowestaccel 4, lowestMag 33,1948.808406
49182.54197,599.6848861,975.9540124,145971.987, Mag 33, Accel 5, lowestaccel 4, lowestMag 33,1913.694683
48998.51708,630.9425299,964.4412792,145400.1674, Mag 33, Accel 6, lowestaccel 4, lowestMag 33,1919.868816
48930.2031,684.8524705,957.1699573,145148.5869, Mag 33, Accel 7, lowestaccel 4, lowestMag 33,1949.394289
91285.56566,752.9621501,952.9020978,272150.8327, Mag 33, Accel 8, lowestaccel 4, lowestMag 33,1994.074759
91274.59591,830.6828341,951.0012954,272042.1036, Mag 33, Accel 9, lowestaccel 4, lowestMag 33,2049.514069
91315.99361,915.2883225,951.038944,272081.6536, Mag 33, Accel 10, lowestaccel 4, lowestMag 33,2113.024658
91395.25026,1005.030969,952.6787811,272228.041, Mag 33, Accel 11, lowestaccel 4, lowestMag 33,2182.791398
824042.6104,1803.985466,1682.908812,2468640.937, Mag 34, Accel 1, lowestaccel 4, lowestMag 33,3877.352318
631140.5297,994.3387038,1165.324092,1891261.926, Mag 34, Accel 2, lowestaccel 4, lowestMag 33,2493.740166
92179.46709,711.1750342,1052.18072,274775.0455, Mag 34, Accel 3, lowestaccel 4, lowestMag 33,2111.652355
6382.905398,618.4376128,1013.34962,17516.92896, Mag 34, Accel 4, lowestaccel 4, lowestMag 34,1983.852639
49108.27224,607.4787742,993.9610789,145723.3769, Mag 34, Accel 5, lowestaccel 4, lowestMag 34,1946.550699
48918.96254,637.2657049,982.1528084,145137.4691, Mag 34, Accel 6, lowestaccel 4, lowestMag 34,1951.178491
48846.8459,690.053374,974.6055039,144875.8788, Mag 34, Accel 7, lowestaccel 4, lowestMag 34,1979.448286
91195.67765,757.199547,970.0746404,271859.7588, Mag 34, Accel 8, lowestaccel 4, lowestMag 34,2023.011621
91181.34013,834.0321227,967.9168571,271742.0714, Mag 34, Accel 9, lowestaccel 4, lowestMag 34,2077.399378
91219.76313,917.7869167,967.700335,271773.8021, Mag 34, Accel 10, lowestaccel 4, lowestMag 34,2139.89069
91296.29873,1006.698221,969.0864259,271913.1115, Mag 34, Accel 11, lowestaccel 4, lowestMag 34,2208.653304
823401.7357,1864.012967,1695.051831,2466646.142, Mag 35, Accel 1, lowestaccel 4, lowestMag 34,3940.587472
630699.5466,1019.554206,1183.591338,1889895.494, Mag 35, Accel 2, lowestaccel 4, lowestMag 34,2540.052662
176051.5514,725.5983711,1070.827479,526358.2283, Mag 35, Accel 3, lowestaccel 4, lowestMag 34,2150.439997
6321.152882,628.4705705,1031.717623,17303.27045, Mag 35, Accel 4, lowestaccel 4, lowestMag 35,2018.929362
49042.08657,615.2364101,1011.996741,145499.0266, Mag 35, Accel 5, lowestaccel 4, lowestMag 35,1979.42242
48847.50134,643.5607962,999.8791189,144899.0641, Mag 35, Accel 6, lowestaccel 4, lowestMag 35,1982.489276
48771.60298,695.2326142,992.0466862,144627.5296, Mag 35, Accel 7, lowestaccel 4, lowestMag 35,2009.49449
91114.15529,761.4213351,987.2461019,271593.7984, Mag 35, Accel 8, lowestaccel 4, lowestMag 35,2051.935154
91096.48396,837.3721034,984.8273557,271467.2524, Mag 35, Accel 9, lowestaccel 4, lowestMag 35,2105.270111
91132.01847,920.282763,984.3541368,271491.4185, Mag 35, Accel 10, lowestaccel 4, lowestMag 35,2166.743277
91205.90772,1008.369593,985.4846739,271623.8689, Mag 35, Accel 11, lowestaccel 4, lowestMag 35,2234.504206
821138.8993,1923.428296,1706.821265,2459786.448, Mag 36, Accel 1, lowestaccel 4, lowestMag 35,4002.80312
671782.3803,1044.564844,1201.902266,2013100.674, Mag 36, Accel 2, lowestaccel 4, lowestMag 35,2586.277032
217846.4323,739.9281557,1089.536609,651709.8322, Mag 36, Accel 3, lowestaccel 4, lowestMag 35,2189.25103
6266.612866,638.4488253,1050.127929,17111.26184, Mag 36, Accel 4, lowestaccel 4, lowestMag 36,2054.028513
48983.24608,622.9554614,1030.056456,145296.7263, Mag 36, Accel 5, lowestaccel 4, lowestMag 36,2012.301279
48783.41161,649.826682,1017.616581,144682.7916, Mag 36, Accel 6, lowestaccel 4, lowestMag 36,2013.794882
48703.74826,700.3896382,1009.48998,144401.3652, Mag 36, Accel 7, lowestaccel 4, lowestMag 36,2039.527198
91040.24412,765.6270413,1004.413707,271350.6916, Mag 36, Accel 8, lowestaccel 4, lowestMag 36,2080.840842
91019.30004,840.7025009,1001.730036,271215.4676, Mag 36, Accel 9, lowestaccel 4, lowestMag 36,2133.12193
91051.97856,922.7757405,1000.997217,271232.1627, Mag 36, Accel 10, lowestaccel 4, lowestMag 36,2193.57763
91123.28161,1010.045266,1001.871146,271357.9284, Mag 36, Accel 11, lowestaccel 4, lowestMag 36,2260.340668
820513.8274,1982.149011,1718.256818,2457841.076, Mag 37, Accel 1, lowestaccel 4, lowestMag 36,4063.996985
671360.965,1069.34926,1220.254348,2011793.291, Mag 37, Accel 2, lowestaccel 4, lowestMag 36,2632.393467
259718.8511,754.157753,1108.302473,777294.093, Mag 37, Accel 3, lowestaccel 4, lowestMag 36,2228.072025
6218.632681,648.3680995,1068.57548,16938.95446, Mag 37, Accel 4, lowestaccel 4, lowestMag 37,2089.139295
48931.08524,630.6338582,1048.13569,145114.4862, Mag 37, Accel 5, lowestaccel 4, lowestMag 37,2045.178928
48726.02213,656.0621629,1035.361025,144486.6432, Mag 37, Accel 6, lowestaccel 4, lowestMag 37,2045.08816
48642.60592,705.5236166,1026.931808,144195.3623, Mag 37, Accel 7, lowestaccel 4, lowestMag 37,2069.540424
90973.28029,769.8164408,1021.574116,271128.4503, Mag 37, Accel 8, lowestaccel 4, lowestMag 37,2109.723505
90949.08251,844.0230591,1018.621729,270984.6027, Mag 37, Accel 9, lowestaccel 4, lowestMag 37,2160.949888
90978.94969,925.265726,1017.627264,270993.9561, Mag 37, Accel 10, lowestaccel 4, lowestMag 37,2220.390191
91047.72826,1011.725112,1018.242953,271113.2167, Mag 37, Accel 11, lowestaccel 4, lowestMag 37,2286.158264
819929.2439,2040.094259,1729.402042,2456018.235, Mag 38, Accel 1, lowestaccel 4, lowestMag 37,4124.173756
670959.4739,1093.889694,1238.644707,2010545.887, Mag 38, Accel 2, lowestaccel 4, lowestMag 37,2678.384331
259571.5488,768.2786598,1127.119329,776819.2483, Mag 38, Accel 3, lowestaccel 4, lowestMag 37,2266.887988
6176.625311,658.2257056,1087.055066,16784.59516, Mag 38, Accel 4, lowestaccel 4, lowestMag 38,2124.251878
48885.01744,638.2700192,1066.230355,144950.5519, Mag 38, Accel 5, lowestaccel 4, lowestMag 38,2078.048046
48674.75515,662.2662008,1053.108921,144308.8903, Mag 38, Accel 6, lowestaccel 4, lowestMag 38,2076.363032
48587.60329,710.6339644,1044.368982,144007.8069, Mag 38, Accel 7, lowestaccel 4, lowestMag 38,2099.528946
90912.66222,773.9889255,1038.724318,270925.2734, Mag 38, Accel 8, lowestaccel 4, lowestMag 38,2138.578171
90885.2312,847.3337165,1035.49975,270772.8601, Mag 38, Accel 9, lowestaccel 4, lowestMag 38,2188.749913
90912.31273,927.7526433,1034.24143,270774.9441, Mag 38, Accel 10, lowestaccel 4, lowestMag 38,2247.176628
